id,name,gender,address,phone
1,Andras Haggidon,Male,66117 Independence Alley,130-390-3707
2,Marcel Fraulo,Male,99695 Namekagon Circle,812-324-5634
3,Angelle Leverage,Female,42517 Ramsey Point,992-211-3613
4,Marline Marquese,Female,1 Lerdahl Point,802-764-6762
5,Scottie Menzies,Polygender,42797 Milwaukee Circle,598-490-1182
6,Heidi Phillimore,Female,8 Arkansas Way,913-559-0347
7,Bethina Dymock,Female,5174 Esch Avenue,283-264-0196
8,Sheba Ticic,Female,33 Roxbury Alley,560-196-2255
9,Graham Stembridge,Male,974 Ruskin Court,449-915-2190
10,Annabell Cowlard,Genderqueer,090 Buell Parkway,735-441-5925
11,Danice Drennan,Female,8752 Old Gate Junction,382-931-3044
12,Caprice Stenhouse,Female,2712 Scott Road,937-696-7503
13,Ruthi McEniry,Female,9489 Muir Avenue,150-269-4910
14,Audy Darey,Female,92930 Tennyson Hill,867-894-5717
15,Nataniel Merkle,Male,55724 Artisan Street,550-432-8836
16,Bea Beden,Female,5 Brentwood Drive,822-468-5527
17,Gil Lagden,Male,00511 Thompson Parkway,789-962-8809
18,Vannie Fransewich,Female,66705 Forest Run Center,662-469-0574
19,Chickie Ferriman,Genderqueer,2 Miller Circle,165-951-2808
20,Gusta Gwyneth,Female,69 Fair Oaks Court,463-642-7104
21,Pietro Drury,Male,61 Nancy Place,556-565-9368
22,Codie Binding,Male,20 Hagan Drive,393-321-5768
23,Boone Brunning,Male,3 Morrow Junction,405-496-3916
24,Velvet Foggarty,Female,3876 Burning Wood Circle,370-994-9122
25,Meryl Lambdean,Female,507 Crowley Court,954-299-4911
26,David Ungerecht,Male,356 Arkansas Lane,950-168-4656
27,Elie McColl,Female,2270 Crescent Oaks Court,402-287-4268
28,Andres ducarme,Male,146 Valley Edge Place,509-560-5988
29,Briana Edy,Polygender,1729 Elka Terrace,551-100-8485
30,Archy Juett,Male,806 Stuart Avenue,956-874-2407
31,Lem Fechnie,Male,73 3rd Plaza,365-784-0749
32,Andrey Biaggi,Male,7304 Westridge Court,739-670-4314
33,Georgianna Geroldi,Female,4400 Towne Parkway,255-925-2675
34,Marlin Gheraldi,Male,2911 Hoepker Crossing,188-588-1771
35,Jaclin Jiruch,Female,42 Ronald Regan Park,376-503-9456
36,Gustav Chaikovski,Male,26079 Namekagon Center,463-758-6460
37,Elke Ord,Female,308 Leroy Street,321-117-7953
38,Wolfgang Ruilton,Male,9407 Utah Junction,215-998-1030
39,Devan Kelberman,Female,72 Sheridan Point,751-310-3449
40,Kaitlynn Medendorp,Female,5 Dawn Way,532-956-1063
41,Edithe Chappel,Female,25 Canary Place,776-443-7525
42,Hetty Harrill,Female,655 Pond Crossing,711-702-9936
43,Briggs Golt,Male,8194 Hollow Ridge Place,659-959-8505
44,Bren Denver,Agender,354 Darwin Alley,741-983-9405
45,Korie Norwood,Female,87 Roth Plaza,463-871-8530
46,Rona Muselli,Female,7 Derek Junction,872-884-3757
47,Carri Clerk,Female,56032 Lyons Terrace,407-434-5197
48,Benedikt Greetham,Male,2492 Prairie Rose Plaza,911-741-4557
49,Hildagard Kleis,Female,365 Corscot Terrace,821-168-9979
50,Geordie Farnworth,Male,59 Shopko Trail,736-366-9602
51,Eric Dansey,Male,9145 Fisk Avenue,741-392-8350
52,Valaria Witterick,Female,3623 Anhalt Circle,432-804-0844
53,Heath Kures,Female,71567 Montana Plaza,724-303-8138
54,Suzanna Blackmore,Female,1 Golf Course Place,296-456-6169
55,Wilfrid Wiggam,Male,86 Graedel Court,449-418-3052
56,Ollie Shepley,Male,5 Manley Hill,193-888-8898
57,Maria Gibbeson,Female,9528 Kings Park,503-410-0801
58,Minor Rutherforth,Male,5 Sunnyside Parkway,560-606-5027
59,Rozalin MacDunlevy,Female,6 Meadow Ridge Pass,336-348-7390
60,Ursola Averall,Female,15 Daystar Drive,646-728-7348
61,Alfons Dorn,Male,054 Continental Avenue,102-935-0977
62,Ansell Chat,Male,84 Comanche Road,763-959-4257
63,Lucas Arbuckle,Male,024 Lake View Street,626-116-2196
64,Kalli Hannen,Female,991 Arizona Point,584-677-2793
65,Tracey Prin,Female,32668 Little Fleur Park,724-872-5856
66,Helene Santry,Female,9424 Utah Drive,513-787-3626
67,Vincenz Emsley,Male,7 Anniversary Crossing,963-975-4452
68,Chloe Blanckley,Female,0084 Clarendon Pass,585-601-8652
69,Dorian McKimm,Female,228 David Plaza,852-969-8726
70,Genni Loosemore,Female,0 Coolidge Center,753-238-8945
71,Derrik Lucien,Male,3 Claremont Drive,777-522-3861
72,Garvey Behnen,Genderfluid,5 Gateway Lane,525-304-6770
73,Olvan Pingston,Male,7784 Waxwing Trail,268-354-8094
74,Fedora Irwin,Female,0804 Cody Way,691-542-7888
75,Celestyn Attenbrow,Female,231 Ronald Regan Lane,542-450-9390
76,Charo Kennea,Female,34 Sunnyside Center,294-463-6550
77,Margarita Becaris,Non-binary,0996 Anthes Drive,317-467-4001
78,Mikey Sansam,Male,80484 Hayes Center,775-835-4351
79,Titus Duigenan,Male,88 Hovde Parkway,146-178-9822
80,Orin Lovstrom,Male,55092 Myrtle Way,256-413-9826
81,Maggy Vedyasov,Polygender,56 Evergreen Place,601-313-1401
82,Agneta Sexton,Female,731 Sutteridge Drive,597-246-7533
83,Hamid Surmeir,Male,837 Blue Bill Park Avenue,192-403-1119
84,Sean Bartlomiej,Male,3 Bellgrove Point,262-327-4324
85,Annette Cargenven,Female,054 Dawn Alley,271-706-1741
86,Aaron Deerr,Male,23 Longview Street,733-364-0985
87,Jard McGaughay,Male,39783 Knutson Point,774-799-3326
88,Arabela Barizeret,Female,6 Sunfield Circle,165-484-1528
89,Glendon Thumann,Male,9 Ilene Court,975-632-4600
90,Jan Pescott,Male,37616 Fieldstone Park,393-763-3136
91,Kevan Salmen,Male,35181 Fallview Place,212-657-9268
92,Giffy Morando,Male,79 Clove Place,824-181-9653
93,Callean Rosewarne,Male,08 Lake View Pass,778-783-3292
94,Udell Bredbury,Male,13 Novick Pass,618-499-7429
95,Kayne Posvner,Male,814 Hoard Street,896-704-4116
96,Hercule Firth,Male,581 Jana Drive,326-736-1327
97,Nonnah Angelo,Female,29 Rusk Crossing,495-878-6049
98,Maybelle Luttger,Female,6 Delaware Pass,214-503-3041
99,Albertine Dyter,Female,8183 New Castle Trail,584-563-8200
100,Lalo Britt,Genderfluid,5 Eggendart Crossing,514-988-0077
101,Drusilla Oldknow,Bigender,03 Meadow Ridge Point,790-482-2889
102,Mischa Muckleston,Male,119 Shopko Crossing,712-945-0088
103,Sibel Thacke,Female,6047 Bay Alley,954-492-6526
104,Chet Hillburn,Male,384 Duke Crossing,966-252-5997
105,Tiebout Rohlfing,Male,5627 Nobel Lane,370-287-2457
106,Henri Vango,Male,80 Barby Parkway,283-710-4651
107,Robert Lowdyane,Male,752 Roxbury Park,595-142-5674
108,Fenelia Feldhorn,Female,346 Haas Parkway,210-199-7271
109,Bear Roffe,Male,2716 Sunbrook Pass,374-716-3414
110,Allayne Adhams,Male,74803 Holy Cross Parkway,380-335-6631
111,Avivah Baake,Female,51 Hermina Lane,458-848-0997
112,Starlene Winear,Female,171 Gale Alley,451-237-7836
113,Cara O' Mara,Female,939 Talisman Place,753-434-8134
114,Luise Fairbeard,Female,49286 Barby Center,910-259-6487
115,Tam Hounihan,Genderqueer,66 Buena Vista Plaza,489-909-7979
116,Cora Wescott,Female,0 Brentwood Hill,121-778-5580
117,Jannel Dinsey,Female,3 Buell Hill,194-480-0872
118,Lottie Peagrim,Female,3308 Caliangt Court,346-148-0244
119,Blair Camidge,Female,61356 Bonner Road,848-729-5263
120,Justinn Varns,Female,92979 Summerview Court,853-987-7355
121,Shaylynn Saing,Female,5982 Sugar Hill,801-412-0118
122,Millisent Kehri,Female,81 Glacier Hill Way,497-971-8549
123,Jess Staden,Male,0164 Chive Court,571-231-6793
124,Mozelle McKeand,Female,3602 Stang Avenue,229-957-4181
125,Royal Muzzillo,Male,5 Susan Way,434-351-7233
126,Bessy Denley,Female,27 Manufacturers Court,764-277-4399
127,Gisela Stanfield,Female,833 Vermont Park,335-414-4159
128,Berta Landrieu,Female,44 Hoepker Lane,399-394-0424
129,Marget Tribble,Polygender,15196 Pierstorff Crossing,174-209-1939
130,Sascha Itzhaiek,Male,67 Little Fleur Pass,626-236-5549
131,Huntley Looker,Male,50735 Merchant Trail,643-984-5893
132,Caressa Alennikov,Female,2 Everett Parkway,672-750-3015
133,Neda Miettinen,Female,1676 Buell Road,708-980-9163
134,Janice Clearley,Female,78358 Hoepker Center,786-815-5965
135,Shirlene Cammiemile,Agender,1 Summerview Drive,952-599-1783
136,Claiborn Iacomi,Male,161 Kim Plaza,109-168-7652
137,Elden Cronshaw,Genderqueer,41 Bartelt Lane,877-974-2824
138,Philbert Ottey,Male,387 Surrey Avenue,330-871-5071
139,Ruben Mellanby,Male,92901 Melody Plaza,843-424-6904
140,Ted Skoof,Female,39 Kennedy Point,217-364-2090
141,Curtis Youle,Male,9284 Butternut Center,829-280-4463
142,Arliene Hawse,Female,300 Spohn Way,918-344-1789
143,Annice Cossons,Female,463 Warbler Place,198-946-4214
144,Howard Pepler,Male,3 Lindbergh Hill,753-116-6333
145,Lilyan Muckeen,Female,96 Montana Hill,618-326-0326
146,Demott Khilkov,Male,86729 Southridge Place,793-530-7755
147,Harley Evers,Female,066 Cardinal Point,371-727-0097
148,Rozalin Klimsch,Female,268 Bluestem Avenue,339-467-2857
149,Anabel Tyson,Female,78 Harper Lane,984-664-7185
150,Onofredo Jagson,Male,679 Mcguire Point,531-539-8028
151,Rhoda Constantinou,Female,4883 Crest Line Park,128-494-5538
152,Idette Larret,Female,9 Lawn Court,781-631-3002
153,Malinde Blasi,Non-binary,21 Larry Trail,775-633-8103
154,Sondra Nequest,Polygender,41 Bluejay Drive,765-235-1766
155,Enrica Emilien,Female,3 International Trail,961-434-1377
156,Napoleon Bust,Male,32214 Upham Road,131-353-3424
157,Barnebas MacNulty,Male,6 Sugar Trail,737-661-9707
158,Pietro Billinge,Male,5197 Johnson Center,984-217-4282
159,Melinde Circuit,Female,3744 Schiller Alley,951-412-4670
160,Rycca Ewan,Female,0 Caliangt Drive,169-835-5704
161,Haley Depka,Male,3 Lukken Court,765-617-0510
162,Fremont Fairweather,Male,3 Rigney Circle,373-355-0083
163,Bern Tubbles,Male,1 Little Fleur Crossing,587-616-7159
164,Edithe Garwell,Female,34 Summit Junction,337-596-0811
165,Mayer Kitcatt,Male,85292 Hoepker Circle,658-873-9581
166,Erda Boddington,Female,42921 Bonner Trail,873-330-3020
167,Stu Basindale,Male,4 Riverside Pass,752-339-0460
168,Christiano Kamiyama,Male,1954 Hollow Ridge Place,379-524-0277
169,Corney Minguet,Male,2952 Grasskamp Hill,774-674-0632
170,Findley Bartolomeazzi,Male,45557 Golf Course Pass,687-708-5897
171,Nolana Playfair,Female,2 Melody Terrace,612-316-4953
172,Saxe Cubuzzi,Male,09 Butterfield Park,144-120-9379
173,Kirby Skokoe,Female,1 Commercial Trail,249-700-9772
174,Giulio Ferran,Male,5869 Brown Trail,478-616-6785
175,Dosi Whitwham,Female,49 Old Gate Point,137-614-5196
176,Mitchael Pedlar,Male,4 Rutledge Road,560-198-0666
177,Emlyn Canham,Female,527 Memorial Pass,559-943-4004
178,Rees Giovanetti,Male,4 Moose Crossing,219-652-0388
179,Hedvig Batteson,Female,887 Utah Way,926-538-8210
180,Jenn Dafforne,Female,8566 Blue Bill Park Park,186-763-2941
181,Rodolph Freddi,Male,4706 Coleman Lane,856-615-4604
182,Archibald Alexsandrov,Male,6 Mallory Way,736-896-6754
183,Newton Becken,Male,0065 Montana Plaza,652-666-1114
184,Pinchas Suffe,Male,16 Mcguire Point,613-984-1095
185,Al Searles,Male,6519 Milwaukee Trail,698-418-9459
186,Cathlene Pepys,Non-binary,30815 Mallory Junction,983-136-0338
187,Tiffy Lithcow,Non-binary,7020 Lakewood Gardens Plaza,229-573-5667
188,Delphinia Howitt,Female,3356 Westridge Junction,546-574-3787
189,Regine Dufty,Agender,7239 Surrey Center,167-378-4146
190,Jessy Allenby,Agender,906 Calypso Junction,540-991-4098
191,Chev Killgus,Male,76 Westridge Alley,782-398-7380
192,Blake Devinn,Female,26520 Anhalt Parkway,252-360-9081
193,Hayes Ben-Aharon,Male,8 Mitchell Park,371-166-2867
194,Tiebold Da Costa,Male,62724 Debra Alley,527-117-6348
195,Zacharia Lintill,Male,30 Comanche Parkway,307-742-9150
196,Vivyan Beevis,Female,8540 Oxford Junction,926-828-2551
197,Alfy Povey,Female,93460 Oriole Crossing,435-329-9463
198,Leodora Rolley,Female,710 Brown Trail,377-491-0559
199,Marmaduke Antrag,Male,96481 Kinsman Street,442-778-8765
200,Philly Mioni,Female,5693 Carey Center,582-274-0422
201,Carlo Arndt,Male,270 Loftsgordon Center,536-539-4819
202,Benedict Traves,Male,1 Pawling Park,285-494-5765
203,Sonia Gooly,Female,26 International Crossing,443-822-3799
204,Christiano Patemore,Male,7 Spaight Crossing,213-212-5973
205,Amy Riddiough,Female,952 Donald Circle,746-868-7937
206,Salaidh Codeman,Polygender,4 Bashford Center,344-139-3008
207,Ranee Hurburt,Female,3487 Schmedeman Alley,465-513-9736
208,Glenn Duckering,Female,0251 Novick Alley,264-610-9541
209,Inigo Burchett,Male,3 Annamark Trail,749-411-5250
210,Klement Habron,Male,80558 Susan Hill,156-124-3328
211,Augustine Orchart,Male,3145 Cherokee Parkway,295-914-4903
212,Carline Paschke,Female,63 Luster Drive,393-587-8636
213,Vincents Tunney,Male,3 Moland Terrace,140-323-3020
214,Ansell Cubberley,Male,1042 Laurel Street,619-926-1857
215,Woodman Franciotti,Male,3703 Reindahl Park,610-257-9385
216,Sonni Poat,Female,26110 Anzinger Court,905-313-9552
217,Chaim Donnelly,Male,8 Sundown Terrace,139-865-0065
218,Jami Halliwell,Female,26 Macpherson Trail,503-896-2179
219,Romeo Postin,Male,39 Glacier Hill Street,480-690-4018
220,Kaleb McClenan,Male,4845 Holy Cross Road,168-527-8417
221,Tristam Snyder,Genderfluid,4 Blaine Way,319-915-9996
222,Dermot Pankethman,Male,203 Walton Pass,558-872-4237
223,Willi Stonman,Male,4701 Haas Place,520-519-9690
224,Ardeen Petken,Female,719 Jay Crossing,361-347-7860
225,Yard Gatch,Male,58755 Calypso Crossing,845-704-0762
226,Zack Peek,Male,92987 Delaware Junction,239-555-5918
227,Giacopo Mutton,Male,39 Hanover Point,167-707-7079
228,Florance Sperring,Genderqueer,91119 Monica Parkway,191-853-6693
229,Irene O'Keenan,Female,0247 Daystar Court,460-296-6497
230,Suzi Carah,Female,04163 Orin Court,981-844-0293
231,Denice McFadyen,Female,4423 Banding Street,272-281-4943
232,Leslie Dooly,Male,8134 Ronald Regan Drive,847-782-2695
233,Hilton Yepiskopov,Agender,70198 Mcbride Avenue,776-153-9297
234,Sunshine Layson,Female,222 Dawn Drive,223-901-5783
235,Reed Becken,Male,95 Mosinee Terrace,239-550-1123
236,Jammal Dance,Male,17741 Anderson Place,348-418-5511
237,Ganny Hagwood,Male,7 Gerald Alley,686-349-9376
238,Fabian Herculson,Male,606 Russell Trail,906-964-3363
239,Russell Gommey,Male,04585 Alpine Avenue,266-605-3285
240,Melosa McRannell,Female,47658 Dahle Road,989-152-1567
241,Kizzee Douthwaite,Agender,613 Lakeland Park,444-515-5557
242,Renae Snary,Female,31 Clyde Gallagher Court,869-847-3816
243,Brena Veck,Female,45 Fairfield Place,633-184-8147
244,Etienne Aireton,Male,69 Graedel Plaza,813-418-2119
245,Richart Buggy,Male,5742 Maple Trail,599-930-5483
246,Victor Andrews,Genderqueer,1 Jenna Center,661-897-5619
247,Augy Domb,Male,1 Orin Center,224-891-9983
248,Auberta Coat,Female,03 Lien Pass,360-680-0725
249,Billy Iacopetti,Female,7 Weeping Birch Point,432-207-5143
250,Gertrude Flisher,Agender,11 2nd Circle,468-774-7458
251,Shandy Levings,Female,540 1st Drive,612-445-7091
252,Pepito Farrer,Male,0 Thierer Point,239-922-4704
253,Vinnie Graveston,Female,74105 Clarendon Crossing,490-877-4576
254,Tamqrah Roches,Female,60226 Pennsylvania Pass,834-969-9213
255,Aldridge Gherardi,Male,8 Boyd Terrace,538-985-7197
256,Anstice Whicher,Female,640 Alpine Circle,100-527-6659
257,Angie Garmston,Male,9601 Dayton Circle,412-976-6360
258,Rebeka Norssister,Non-binary,71906 Coolidge Court,847-583-3540
259,Mordecai Joanaud,Male,42769 Graedel Court,999-771-7789
260,Julianne Arbuckle,Female,82533 Anhalt Terrace,527-398-6089
261,Athene Ellsom,Female,489 American Ash Way,158-122-8176
262,Jephthah Cuttles,Male,2 Mariners Cove Lane,674-106-4425
263,Gary Cockett,Male,44 Knutson Junction,754-205-3661
264,Hugibert Petel,Male,06671 Hoard Drive,284-746-1247
265,Carmen Loveman,Female,44 Meadow Vale Avenue,351-864-1235
266,Drusie Demageard,Female,235 Granby Street,468-627-0252
267,Juli Bartholomaus,Female,825 Garrison Court,176-345-9115
268,Marylin Hanrahan,Female,4 Kennedy Trail,554-914-6353
269,Lonnard Thow,Male,15 Sage Street,222-522-7867
270,Elvira Vivians,Female,42 Elka Drive,136-679-1534
271,Teddy Scollan,Female,0307 Nova Terrace,910-539-4256
272,Monro Roundtree,Male,0 Jackson Point,418-167-5483
273,Curt Walthew,Male,03 Holmberg Center,852-552-3083
274,Brendan Idale,Male,0743 Kinsman Trail,590-134-3360
275,Cullie Townsend,Male,8841 South Place,310-677-6208
276,Earvin Hatley,Male,9 Village Green Junction,180-358-6988
277,Hastings Latour,Male,2034 Clove Trail,178-660-0723
278,Jyoti Madge,Female,157 Lien Drive,683-965-8729
279,Sapphira Freeberne,Female,48 Dunning Hill,828-395-1011
280,Griff Perch,Male,86 American Way,233-485-2123
281,Carlie Bilbrooke,Female,4657 Fallview Park,962-900-4543
282,Annamarie Jira,Female,0 Clarendon Trail,330-313-2531
283,Broderic Deam,Male,1 Merrick Way,535-620-5485
284,Adel Jodlowski,Female,8 Spohn Junction,410-278-8799
285,Kliment Giffin,Male,7393 Havey Plaza,219-881-6599
286,Durant Hinckesman,Male,69 Meadow Valley Center,306-693-3281
287,Gabrielle Bollin,Female,61171 Paget Street,656-636-8636
288,Alie Ballintyne,Female,4351 Shoshone Point,278-226-3706
289,Bondon Aliman,Male,192 Acker Circle,549-272-3429
290,Caro Glanester,Polygender,115 Lyons Lane,976-977-2735
291,North Rao,Male,176 Kedzie Park,516-838-2108
292,Irwin Winfrey,Male,267 Birchwood Park,504-291-5767
293,Fredrika Prattington,Female,7787 Surrey Plaza,192-442-2060
294,Estel Monkhouse,Female,867 Oriole Pass,440-718-7346
295,Brewster Brooke,Male,7300 Westridge Avenue,249-408-7904
296,Lorette Burbury,Female,40 Bultman Lane,311-756-0338
297,Ernest Vickers,Male,50 Lyons Parkway,873-967-9624
298,Jessee Bims,Male,1 Manufacturers Court,764-306-3870
299,Roosevelt Stelle,Male,7 Bayside Place,957-701-4892
300,Joane Wansbury,Female,2963 Sommers Pass,180-817-3209
301,Jard Skellon,Male,56074 Summer Ridge Crossing,875-633-1785
302,Laure Wilsdon,Female,875 Park Meadow Lane,343-431-7391
303,Peg Signoret,Female,41 Northland Court,575-821-4443
304,Moina Quilliam,Female,6343 Jenna Center,178-551-6009
305,Christophe Camm,Male,08 Chinook Pass,220-591-4589
306,Alisander Leverentz,Male,93966 Atwood Terrace,605-477-3463
307,Holly Ashbee,Agender,6 Beilfuss Crossing,373-385-3221
308,Emlynne O'Noland,Female,0227 Walton Street,299-981-2565
309,Jon Di Domenico,Male,1 Hermina Center,755-968-0132
310,Sutton Gerault,Male,8 Dryden Drive,160-298-4394
311,Land Goodburn,Male,6 Troy Junction,813-748-5848
312,Cathleen Gerritzen,Female,92 Michigan Hill,517-530-4501
313,Nataline Adlington,Non-binary,61 Service Alley,914-194-7696
314,Opal Whotton,Female,65 Green Pass,221-902-0963
315,Gordon Ouldcott,Male,7 Vermont Lane,945-181-6673
316,Waylin Rudiger,Male,76158 Anniversary Alley,277-571-6740
317,Niki McCloud,Male,76 Golf Point,931-340-9438
318,Nataline Agerskow,Female,61576 Lukken Junction,561-765-9285
319,Olenolin Scandwright,Male,8619 Dapin Avenue,913-873-5199
320,Dreddy Alans,Female,4 Ridge Oak Road,998-991-0878
321,Sayer Joutapavicius,Male,85 Sachs Parkway,545-330-0542
322,Nanon Rops,Female,39 Brown Park,972-533-7653
323,Farah Tilling,Female,6193 Merchant Terrace,844-302-6890
324,Onofredo MacClay,Male,9 Merrick Court,989-946-8819
325,Mair Bamblett,Female,8 Mandrake Trail,908-608-9011
326,Silva Edginton,Female,15406 Sherman Way,363-344-3554
327,Ginevra Edgeson,Female,01 Glendale Road,882-833-9672
328,Aldridge Elkington,Male,02627 La Follette Circle,389-560-7871
329,Penrod Mullender,Male,527 Glendale Parkway,433-978-1141
330,Jeno Bentote,Genderfluid,98978 Main Place,461-623-6829
331,Honoria Oggers,Female,8 Butternut Parkway,103-833-4190
332,Isadore Pyne,Male,7090 Boyd Point,150-571-9631
333,Sonny Episcopi,Male,3286 Melody Lane,781-606-4748
334,Deck Petre,Male,756 Victoria Terrace,881-320-4021
335,Rikki Wimbury,Male,03 Bunker Hill Center,192-374-7995
336,Anne-corinne Mayoh,Non-binary,7 Jenifer Park,810-926-9756
337,Clement Mawtus,Male,7376 Reindahl Point,830-534-0848
338,Irene Farlam,Female,3 Bartelt Avenue,576-683-7589
339,Stern Crawshaw,Male,4956 Warbler Drive,765-503-1202
340,Beck Brogden,Male,75 Shelley Center,193-933-7596
341,Jesse Kemshell,Male,0 Stone Corner Hill,650-179-0929
342,Lee Josephoff,Male,7 Meadow Valley Center,858-622-6979
343,Hedvige Penley,Female,35 Myrtle Terrace,408-218-9841
344,Wayne Eich,Male,01 North Place,240-522-1353
345,Werner Tire,Male,655 Boyd Parkway,774-623-6170
346,Robenia Pioch,Female,97 Raven Court,479-342-6071
347,Bethena Benford,Female,211 Moland Plaza,429-110-9043
348,Theobald Arnecke,Male,024 Jenifer Avenue,950-719-1489
349,Agustin Volker,Bigender,9092 Oak Court,779-528-5195
350,Aleece Lummus,Female,13560 Sachs Park,288-408-9829
351,Fernande Kynastone,Female,6 6th Parkway,331-232-4864
352,Brook Critchlow,Male,4 Coolidge Crossing,503-136-2147
353,Law Mordy,Agender,8117 Nevada Circle,645-505-8371
354,Teodor Caile,Genderfluid,3056 Sloan Terrace,320-433-0798
355,Peyton Robeiro,Male,14375 Schiller Avenue,630-210-7621
356,Augustin Rapaport,Male,351 Debra Court,386-993-8422
357,Chad L'Hommee,Male,091 Mcguire Circle,939-822-2033
358,Marianna Gooley,Female,96 Crescent Oaks Way,886-324-9661
359,Matthew Marling,Male,1563 Ridge Oak Street,269-499-1596
360,Pepillo Warters,Male,654 Sugar Crossing,923-898-8371
361,Dicky Blackah,Male,8 Surrey Drive,187-269-7602
362,Rice Yorston,Male,02 Maywood Hill,462-938-8346
363,Virginia Fellman,Female,028 Walton Way,968-455-4115
364,Mattie Sirr,Male,50561 Marcy Drive,782-745-5557
365,Lannie Mauchlen,Male,5 Ridge Oak Drive,506-939-0610
366,Danielle Wedlock,Female,7 Dexter Junction,140-794-3085
367,Lee Swinerd,Female,9 Ramsey Parkway,760-764-6021
368,Maxy Cosely,Female,45347 Cody Road,488-206-3232
369,Iosep Scrivener,Male,82 Orin Pass,664-188-4708
370,Waylon Tailby,Male,1 Elka Pass,619-485-3328
371,Roze Shevelin,Female,05969 Park Meadow Junction,578-495-1228
372,Julianne Leese,Female,3970 Armistice Center,934-209-6139
373,Mata Schach,Male,6 Karstens Trail,620-206-1287
374,Lonnie Fendt,Male,6687 Doe Crossing Circle,562-667-0117
375,Jilly Barti,Female,07 Ohio Center,425-633-0786
376,Grannie Gilardi,Male,18 Summit Avenue,440-936-9673
377,Stirling Burtwistle,Male,1852 Ryan Park,706-758-0327
378,Alexio McGinn,Male,14281 Amoth Drive,287-974-1193
379,Svend Darnbrook,Male,8 Everett Circle,203-252-5087
380,Madelina Boleyn,Female,09556 Almo Lane,520-310-2710
381,Robbie Theuss,Male,1 Lighthouse Bay Terrace,666-269-4343
382,Ewen Dunkley,Male,1354 Oak Valley Plaza,858-301-1013
383,Silvanus Kayne,Non-binary,0 Crowley Crossing,258-453-7754
384,Rayna Obeney,Genderfluid,04 Knutson Parkway,153-540-7892
385,Marwin Plunkett,Male,57 Debra Street,217-667-3674
386,Sada Gallamore,Female,73125 Prentice Center,822-285-6753
387,Roscoe Holburn,Male,86 Waxwing Terrace,758-802-5410
388,Pierce Aidler,Male,63158 Texas Circle,682-353-5003
389,Danica Kilfoyle,Female,50 Buhler Junction,447-541-1449
390,Marena Van Arsdale,Female,09 Buena Vista Circle,385-927-4980
391,Ynez Comellini,Female,0620 Tennessee Center,905-737-5506
392,Romola Philson,Bigender,79725 Memorial Parkway,798-887-1298
393,Tamqrah Cockayne,Female,68452 Parkside Lane,336-581-8287
394,Felike Funcheon,Genderfluid,511 3rd Plaza,657-240-1345
395,Elvin Dukelow,Male,6568 John Wall Circle,872-192-1348
396,Hilda Besnard,Female,74487 Boyd Circle,164-948-0548
397,Jeramey Dinan,Male,7322 Chinook Court,617-526-4396
398,Dugald Thrower,Male,4 Laurel Avenue,583-884-9787
399,Hastie Alliott,Male,97682 Vidon Street,135-729-5303
400,Conrade Winfindine,Male,2106 Jay Center,617-679-3908
401,Errol Terbrug,Male,38457 Green Ridge Park,491-652-7962
402,Rancell Frayn,Male,2 Lukken Junction,813-651-8379
403,Calhoun Islep,Male,32 Spaight Circle,961-344-5082
404,Floyd Rowler,Male,96956 Fremont Drive,491-442-4144
405,Hertha Leather,Female,73 Kenwood Street,963-447-9116
406,Conrado Goley,Male,08396 Melvin Avenue,568-754-3395
407,Carlotta Biskupiak,Female,52 American Drive,960-902-0854
408,Reece Beagan,Male,85 Arrowood Center,157-700-9684
409,Lothaire Knightley,Male,1948 Lukken Parkway,660-827-5491
410,Mattias Jeyes,Male,036 Glacier Hill Way,212-569-0626
411,Salomon Cashford,Male,745 Union Junction,847-960-7202
412,Hyman Bullon,Male,164 Dennis Avenue,670-649-0011
413,Marietta Newlove,Male,666 Havey Pass,512-372-2955
414,Alice Warhurst,Female,60628 Loomis Hill,638-397-3250
415,Elbertine Firth,Female,1493 Tennessee Junction,178-776-9596
416,Rania Folkes,Female,28117 Hoepker Road,306-901-2797
417,Humfried Duckit,Male,7 Vahlen Alley,648-373-2179
418,Evan Linnitt,Male,29530 Bonner Terrace,865-174-2693
419,Livvie Biesterfeld,Female,6883 Basil Way,447-890-9367
420,Egor Mityashin,Male,2 Arapahoe Crossing,825-580-5313
421,Jeanelle Sprason,Female,2261 Schiller Way,758-423-0883
422,Faydra MacNamara,Female,48268 Ilene Plaza,452-742-1871
423,Brigham Haughan,Male,45761 Fordem Pass,384-201-3168
424,Connor Jiras,Male,4 Randy Lane,287-702-3879
425,Kendal Spencer,Male,50734 Warbler Terrace,194-656-2230
426,Anatola Morland,Female,00520 Spenser Avenue,735-927-9625
427,Cecily Scandrite,Female,8 Kensington Alley,572-450-6168
428,Kaycee Coumbe,Female,321 Basil Trail,526-585-6715
429,Gustavus Craufurd,Male,75 Novick Plaza,123-741-9806
430,Loise Harbor,Female,013 Everett Trail,512-254-6481
431,Winnah Rothert,Female,87158 Gateway Trail,497-405-8711
432,Hayley Reichartz,Female,143 Dapin Trail,541-255-9834
433,Oswell Van Haeften,Male,9131 Prairie Rose Circle,347-317-3998
434,Alleyn Adney,Male,88117 Bashford Avenue,800-758-9336
435,Cordula Hellings,Genderfluid,34 Katie Terrace,356-964-9898
436,Matteo Kalderon,Male,244 Golden Leaf Trail,379-234-5376
437,Noll Exon,Male,9 Chinook Hill,848-859-7516
438,Terrye Gurys,Female,52401 Helena Park,595-931-0615
439,Jeremie Fielders,Male,5 Magdeline Plaza,693-228-6602
440,Hillier Delacote,Male,3 Sheridan Circle,615-515-5331
441,Mercy Delagua,Female,515 Sachs Trail,893-633-9251
442,Clywd Collard,Male,7380 Carey Plaza,713-183-6194
443,Margeaux Haldenby,Female,4690 Loeprich Court,110-238-9086
444,Frazier Silbersak,Genderfluid,65589 Mariners Cove Avenue,409-571-5335
445,Hurlee Gemnett,Male,7203 Sycamore Circle,915-932-5743
446,Fransisco Buist,Male,50 Vidon Park,899-351-1323
447,Bride McGrowther,Female,7355 Kings Drive,720-468-6980
448,Sidonia Ambrodi,Female,98991 Lighthouse Bay Plaza,545-925-4974
449,Petronilla Watton,Female,652 Harper Circle,363-988-7375
450,Falkner Norman,Male,246 Reinke Circle,214-201-9542
451,Elsworth Denyukhin,Male,9 Heath Alley,571-794-9075
452,Larisa Geere,Female,28860 Shoshone Hill,138-896-6396
453,Silvia Desouza,Female,4001 Dexter Avenue,844-286-4420
454,Warner Olyet,Male,239 Corben Point,455-232-0812
455,Toby Kissack,Female,974 Debra Junction,843-929-5200
456,Greggory Croyden,Male,35328 Oriole Street,548-354-4865
457,Janella Chevalier,Female,4 Prentice Lane,125-538-5131
458,Tobias Tummond,Male,24970 Karstens Trail,257-934-6698
459,Aindrea Simkins,Female,5127 Shelley Road,946-226-3659
460,Ches Coady,Male,4340 Melrose Avenue,466-365-5209
461,Nicolle Ridd,Female,241 Eastlawn Court,273-459-1518
462,Chrisy Dall,Male,876 Schurz Center,618-111-7503
463,Brose Wreford,Male,17 Bashford Point,659-863-6740
464,Lynde Makiver,Female,7 Express Court,889-606-5269
465,Norry Mouth,Male,027 Katie Park,413-363-1646
466,Archaimbaud Humphris,Male,599 Kingsford Street,756-410-1255
467,Thia Filan,Female,955 Sommers Hill,460-704-4980
468,Derward Pawlata,Male,467 Victoria Junction,473-681-7983
469,Shepperd Tapsfield,Male,5976 Debra Trail,958-607-6456
470,Stephanus Peirpoint,Male,1982 Artisan Park,492-498-8462
471,Bailey McAlarney,Male,38470 Westend Avenue,657-871-4273
472,Wye Malthus,Genderfluid,4703 Magdeline Avenue,944-260-3473
473,Terrell McCarrell,Male,88737 Spaight Way,221-855-7245
474,Henri Zupone,Male,235 Delladonna Pass,183-246-4084
475,Philbert Paoletto,Male,4656 Bultman Circle,309-502-8570
476,Berny Kynoch,Male,32007 Pierstorff Point,803-708-9130
477,Bianca Ginnety,Female,3 Laurel Road,257-432-2796
478,Schuyler Brame,Male,6 Eagan Place,996-370-5845
479,Bette Beiderbecke,Genderqueer,53 Heffernan Hill,702-104-5686
480,Rex Marzelli,Male,08 Northfield Lane,359-351-5951
481,Noelani Yetman,Female,1083 Debra Center,641-445-6355
482,Barbe Pyzer,Female,72 Thompson Terrace,265-547-9221
483,Myrtia Rehn,Female,9 Graedel Parkway,485-362-6838
484,Aileen Lambertz,Female,94 Charing Cross Parkway,133-552-3536
485,Mala Parish,Female,4077 Swallow Place,441-929-2672
486,Amelie Skokoe,Female,4507 Schiller Circle,560-755-9917
487,Eugenia Fatscher,Female,14789 Ruskin Circle,347-186-7552
488,Stefania Stening,Female,4 Donald Alley,952-457-3153
489,Paulette Losemann,Female,6 Steensland Center,249-886-2684
490,Jodie Woolager,Male,3871 Iowa Road,373-384-6949
491,Aarika Hightown,Genderqueer,14552 Summer Ridge Road,817-326-7633
492,Vidovic Haylands,Male,52128 Summer Ridge Park,285-336-9116
493,Kaycee Liccardo,Female,9 Jana Alley,974-485-0074
494,Patrizius Sancias,Male,839 Bluejay Park,303-569-1297
495,Ynez Pundy,Female,3420 Boyd Point,691-392-1634
496,Reube Flew,Male,3 Burning Wood Plaza,747-675-3043
497,Perkin Devlin,Male,4 Grover Park,714-859-9698
498,Ailbert Fratson,Male,6 Stoughton Street,441-314-5105
499,Bald Dumbar,Male,8496 Lyons Drive,869-632-7400
500,Adorne Atwel,Female,6749 Pearson Park,515-337-9369
501,Rabbi Davidove,Male,6 Florence Court,343-240-5778
502,Elsa Ierland,Female,471 La Follette Plaza,620-349-0176
503,Birch Beake,Male,02319 Calypso Way,158-869-4229
504,Kenton Hadkins,Male,032 Ridgeview Terrace,258-601-3899
505,Barnebas Polley,Male,10 Harper Court,305-142-0355
506,Barnie Heisman,Male,12100 Cordelia Park,930-670-4768
507,Mikael Studders,Male,02111 Doe Crossing Place,831-704-5576
508,Cybil Wilsdon,Female,850 Anniversary Parkway,775-140-5810
509,Kally Sollam,Female,18 Almo Lane,373-104-4102
510,Carmon Slessor,Female,79 Springs Way,331-851-7750
511,Lanny Beamiss,Male,41357 Cherokee Alley,206-330-4179
512,Roderic Goghin,Male,27604 Hoepker Court,284-440-7296
513,Imogen Barwick,Female,8 Beilfuss Trail,886-570-9895
514,Filberte Bryenton,Male,15 Blackbird Crossing,170-492-3064
515,Uriah Caldecott,Male,755 Sycamore Point,189-675-7433
516,Briney Hellings,Female,3 Hollow Ridge Place,287-594-9065
517,Theressa Huggens,Female,3646 Evergreen Avenue,292-141-8632
518,Zarah Pollington,Female,2 Bartillon Way,459-537-0969
519,Prinz Eilert,Male,714 Forster Road,251-567-6628
520,Nonna Neaverson,Female,66 7th Parkway,543-674-3093
521,Leila De Gregario,Female,0085 Gerald Way,237-514-7833
522,Ray Gentile,Male,81 Mayer Trail,329-535-5432
523,Nessi Heugh,Female,5 Ohio Crossing,127-467-4892
524,Woodie Cater,Male,706 Meadow Ridge Way,310-101-9962
525,Felike Emerton,Male,6191 Mendota Pass,115-895-0994
526,Karolina Dyhouse,Female,16086 North Circle,734-924-6765
527,Sherwin Sunners,Male,4 Village Green Drive,721-301-7504
528,Fons Wilkowski,Male,5 Pierstorff Hill,385-301-1535
529,Jelene Ferrarotti,Female,77 Stuart Circle,574-910-7792
530,Ambrosi Caudrey,Male,70 Memorial Plaza,282-944-6701
531,Leesa Dodimead,Non-binary,543 Evergreen Trail,719-433-8021
532,Alec Lambis,Male,9 Veith Court,598-160-1670
533,Finley Stealey,Genderqueer,20 Cottonwood Way,921-264-7598
534,Sauncho Harbach,Male,27 Lawn Lane,606-702-0034
535,Martina Arnaut,Female,40 Superior Park,687-211-4409
536,Rand Allery,Male,43466 Norway Maple Place,264-691-0656
537,Ayn Crosskill,Female,7112 Johnson Avenue,101-937-5858
538,Sidnee Pottage,Male,54 Dottie Alley,959-212-8422
539,Laurie Luparti,Female,5999 Columbus Pass,614-947-8131
540,Sibyl Garaway,Male,3534 Moose Lane,290-549-3915
541,Danyelle Genty,Female,5 Canary Plaza,951-270-3047
542,Jonah Sevitt,Male,0229 New Castle Point,468-441-7777
543,Trudy Frays,Female,7436 Milwaukee Pass,797-463-0497
544,Gerhardt Stuther,Male,41 Fieldstone Trail,406-176-8994
545,Max Quilliam,Polygender,8982 Arizona Junction,396-191-7926
546,Bernhard Carrell,Male,89578 Gale Junction,467-787-8272
547,Jerald Mitten,Male,0 Mesta Avenue,670-768-5029
548,Galvin Stallworthy,Male,1 Green Hill,584-765-4698
549,Renato Lafont,Male,88960 La Follette Drive,385-321-3730
550,Tiphany Groll,Agender,06 Ridgeway Road,317-417-4801
551,Henri Bedson,Male,84529 Vidon Road,565-790-5693
552,Rafaela Townrow,Non-binary,143 Ronald Regan Park,879-452-3529
553,Nettle Pennetti,Female,1347 Kennedy Court,467-955-5679
554,Drusi Pepys,Female,05534 Mifflin Circle,316-800-9930
555,Laryssa Aers,Polygender,63 Hudson Plaza,873-394-1417
556,Dougie Heald,Male,3 Summerview Point,359-346-3121
557,Margery Drewe,Female,80913 Forest Run Pass,962-941-0127
558,Clementina Marousek,Female,8403 Southridge Trail,133-208-8598
559,Tucky Awcock,Male,2 Lighthouse Bay Way,216-540-8873
560,Tully Crumb,Male,17800 Lunder Trail,859-728-2713
561,Mendy Bagshaw,Male,06 Merrick Road,689-520-3023
562,Tad Waywell,Male,3918 Sachs Lane,610-507-7257
563,Nappy Sadlier,Male,0 Sunnyside Point,233-249-2377
564,Allayne Epton,Male,2 Reinke Street,891-294-5942
565,Stinky Oddboy,Non-binary,395 Declaration Trail,100-704-5365
566,Delano Dorkin,Male,762 Brown Park,269-357-7560
567,Lynn Maytom,Male,7 Northland Way,544-517-3615
568,Tomasine Frudd,Female,3 Pennsylvania Point,857-262-3478
569,Clare Reaney,Female,70 Holy Cross Point,774-206-1173
570,Wendall Dacca,Genderfluid,17 Ryan Court,271-303-8651
571,Jdavie Skyppe,Bigender,4945 Spenser Alley,830-263-6132
572,Karissa Brougham,Female,3496 Dayton Court,865-173-6937
573,Merralee Akenhead,Polygender,01550 Bonner Alley,131-985-1455
574,Alina Vickerman,Female,6702 Northfield Pass,730-615-8752
575,Christie Lashbrook,Female,29 Anzinger Junction,554-598-4729
576,Allene Wessel,Female,86288 Schiller Trail,837-431-2517
577,Persis Keemer,Polygender,4774 Green Place,732-191-1695
578,Jamesy Sivorn,Male,55 Ruskin Parkway,449-115-5906
579,Ravi Verecker,Male,74 Manley Hill,981-554-0059
580,Bronnie Cunniam,Male,44561 Lighthouse Bay Way,240-995-7240
581,Nevin Kirkbright,Male,224 Welch Way,818-437-2052
582,Lindsay Vedenyakin,Male,55515 Hanover Court,148-461-0736
583,Giuseppe Clayton,Male,68 Service Plaza,378-564-1831
584,Sosanna Benedettini,Female,7910 Claremont Way,581-206-8791
585,Gaspard Dingley,Male,4672 Washington Plaza,114-143-8392
586,Concordia Hercock,Female,10194 Trailsway Circle,501-696-7187
587,Frederich Cahalan,Male,24339 Dexter Point,530-695-8353
588,Drusi Roder,Female,8222 Dakota Plaza,655-318-9455
589,Rowney Chipps,Male,5473 Delaware Circle,477-259-4289
590,Hymie Wrankmore,Male,0 Monument Park,945-612-3570
591,Margaretha Meryett,Female,24 Morrow Hill,783-868-9300
592,Hirsch Huskisson,Male,9 Longview Alley,998-455-4769
593,Thaxter Scoyles,Male,7560 Pennsylvania Road,304-930-8215
594,Bayard Akram,Male,54169 Hooker Court,124-351-8994
595,Brice Insole,Male,28 Straubel Terrace,163-470-4119
596,Jackie Prigg,Female,34 Moose Park,148-528-1653
597,Clayborn Addey,Male,7656 Bunker Hill Way,447-366-2996
598,Felicity Tayler,Female,6754 Prairieview Parkway,452-390-8903
599,Daryle Mularkey,Male,685 Mcbride Avenue,204-375-3892
600,Di Dellar,Female,3756 Kipling Junction,394-486-2448
601,Tresa Lygo,Female,79933 Mifflin Way,138-640-2068
602,Clair Donaghie,Male,898 Thierer Terrace,616-211-6371
603,Anatollo Laugheran,Male,7 Veith Road,812-406-6845
604,Erv Gorcke,Male,13287 Luster Lane,547-895-7854
605,Freeland Sommers,Male,00317 Gale Drive,612-406-1131
606,Thane Cawdery,Male,1306 Schmedeman Park,336-782-0574
607,Jane Montes,Female,374 Northview Center,846-436-7135
608,Ailsun Dudman,Female,00 Fairfield Terrace,157-382-4774
609,Cinnamon Punshon,Female,05 3rd Way,162-122-0705
610,Davida Onians,Female,598 Hoepker Avenue,310-998-1254
611,Shane Ingre,Female,5 Gulseth Circle,827-111-8554
612,Mag Sterrick,Female,71 Brickson Park Plaza,390-989-1274
613,Ashia Jakubovicz,Female,38 Anthes Crossing,315-247-7789
614,Hayward McTurlough,Male,4226 Mitchell Lane,157-260-2374
615,Kerby Fermoy,Male,051 Gina Crossing,503-205-6902
616,Klaus Neave,Male,08223 Helena Lane,192-471-9050
617,Bruce Langcaster,Male,473 Steensland Way,425-558-3033
618,Twila Mouncey,Female,4 Banding Avenue,383-355-4011
619,Fons Hundal,Male,9546 Chive Point,557-403-8229
620,Duffie Nigh,Male,81152 Rieder Avenue,429-419-8879
621,Mona Bleue,Female,84 Green Point,497-945-3206
622,Wiley Leaton,Male,419 Express Terrace,790-925-4890
623,Leisha Josefs,Genderqueer,8 Orin Center,426-623-5082
624,Lyndsay Robers,Female,612 Truax Drive,587-650-7258
625,Bethany Shuxsmith,Female,94699 Lien Trail,213-131-7815
626,Wilie Dowsing,Agender,94260 Dorton Parkway,282-323-9172
627,Linc Huxtable,Male,984 Dixon Crossing,360-524-8755
628,Babette Lettice,Female,72233 Hoffman Road,251-297-3887
629,Barthel Wiffler,Polygender,21 Lien Junction,865-708-4548
630,Mendy Cody,Male,57 Morning Hill,466-349-2738
631,Anne-corinne Cowper,Female,702 David Junction,261-196-6522
632,Robinett Thorneley,Female,9 Wayridge Alley,106-457-8470
633,Ludovico Muehle,Male,832 Meadow Valley Pass,609-599-3807
634,Eleonora Le Moucheux,Female,36 Blaine Lane,359-606-9215
635,Cammie Edie,Polygender,851 Haas Pass,907-923-3091
636,Angel Tregear,Male,210 Mayer Trail,562-312-3447
637,Issiah Trayton,Male,98 Pawling Park,790-949-0933
638,Courtenay Aleksich,Female,13 Namekagon Court,893-746-6159
639,Man Maple,Male,2231 Eggendart Terrace,372-650-1279
640,Reinwald Duiged,Male,59 Atwood Parkway,931-674-1443
641,Scotti Hawse,Male,14767 Manufacturers Plaza,968-817-0784
642,Creigh Saleway,Male,9 Riverside Plaza,326-657-8806
643,Chaim Carswell,Male,97 Forest Terrace,818-517-9508
644,Prince Rentilll,Male,019 Rigney Lane,475-129-0045
645,Larisa Brazear,Female,744 Merrick Road,893-885-1993
646,Henriette Lillicrop,Female,1221 6th Pass,287-327-9740
647,Merrily Morteo,Polygender,11052 Melody Junction,281-934-4344
648,Ester Pudney,Female,1 Kropf Hill,424-857-3801
649,Dyan Lowis,Agender,3 Oneill Junction,339-916-1691
650,Sharona Ramberg,Female,40691 Hoffman Way,558-665-5095
651,Toddy Izakson,Male,42768 Kennedy Alley,221-126-6900
652,Henrieta Fielders,Female,21010 Toban Lane,413-399-0245
653,Ringo Blay,Male,21 Fairfield Park,379-700-0260
654,Theda Parlour,Female,2 Cascade Plaza,910-308-6780
655,Edythe Herity,Female,3687 Oak Valley Street,630-905-5878
656,Tallou Austin,Female,174 Mosinee Hill,298-706-4512
657,Alaine Borrett,Female,50599 Oak Junction,788-755-2386
658,Ros Schimonek,Female,1 Golden Leaf Terrace,214-763-7208
659,Betty Whapple,Female,6 Old Gate Park,433-156-3341
660,Sayres Axelbee,Male,836 Calypso Terrace,102-215-8600
661,Matias Medmore,Male,2 Hayes Alley,279-509-6330
662,Archibald Bruntje,Male,67549 Ilene Parkway,261-134-6525
663,Layney Culleford,Agender,2 Oak Circle,254-344-3786
664,Olav Davson,Male,712 Dryden Place,276-638-3034
665,Karlan Poynzer,Male,09 3rd Point,237-492-5368
666,Adela McWhorter,Female,9 Mallory Pass,528-404-8722
667,Frannie Spiller,Male,5189 Nobel Way,688-333-6595
668,Trisha Huitson,Female,750 Acker Street,570-205-3812
669,Georg Gini,Male,0 Summerview Way,973-302-7482
670,Willey Madill,Non-binary,55 Mcguire Parkway,913-104-1882
671,Rycca Skaif,Female,026 Shelley Parkway,606-199-5158
672,Amata Dennistoun,Female,4262 Redwing Road,445-767-7509
673,Antonietta Leggott,Female,7073 Forest Hill,748-654-0634
674,Niki Widdison,Male,32 Judy Junction,665-490-7286
675,Osbourn Ovell,Polygender,72 Lotheville Trail,623-125-5903
676,Ursola Meach,Female,3 Fieldstone Pass,762-769-5436
677,Loren Searle,Male,68 Gateway Pass,397-912-0319
678,Celestia Patis,Female,50325 Bowman Circle,719-714-5153
679,Charyl Stallard,Female,6165 Ilene Parkway,704-195-0162
680,Yorke Corless,Male,96 Laurel Plaza,702-640-7942
681,Pen Celez,Male,275 Di Loreto Street,935-613-9831
682,Ileane Rothera,Female,105 Russell Trail,114-739-6711
683,Clevie O' Hogan,Male,5562 Manitowish Court,612-321-4359
684,Jolie Segeswoeth,Female,2 Gerald Place,960-545-6771
685,Krishnah Wemes,Male,8 Sutteridge Court,690-898-4780
686,Nahum Swatheridge,Genderfluid,8 Talmadge Alley,329-817-2683
687,Rheba Staples,Female,13 Dakota Lane,301-806-0171
688,Townsend Shalcros,Male,61382 Grim Center,907-679-5350
689,Rainer Mycroft,Polygender,87 Russell Avenue,869-108-6938
690,Tabbatha Clint,Female,4798 Crowley Hill,263-401-4323
691,Amelita Attawell,Female,8409 Evergreen Point,657-223-9197
692,Talyah Bonick,Female,10 Prairie Rose Alley,862-757-8584
693,Alon Scupham,Male,3 Golf Plaza,137-671-4643
694,Kristyn Geaney,Female,09388 Packers Center,365-292-6830
695,Nichole Olivia,Female,0 Reinke Plaza,717-197-9616
696,Kennedy Spurritt,Male,866 Sommers Center,916-839-6828
697,Danella Brashaw,Female,09 Ridgeview Way,281-740-3757
698,Ely Glas,Non-binary,3 Pennsylvania Drive,121-920-9736
699,Elladine Wheeler,Female,033 Goodland Avenue,188-794-2422
700,Alfy Foley,Male,3 Calypso Avenue,576-822-3884
701,Kali Cammell,Female,60 Vermont Center,122-881-7525
702,Marline Gulliman,Female,70 Northfield Court,915-359-9843
703,Lucius Ortes,Genderfluid,01780 Scott Drive,981-700-9477
704,Ellyn Bellchamber,Female,06 Ridge Oak Park,519-893-5646
705,Faye Stallan,Female,41 Moulton Trail,767-242-2575
706,Darsie Karpol,Female,59947 Scoville Avenue,271-598-4675
707,Veriee O' Faherty,Genderfluid,70040 Towne Plaza,416-407-1552
708,Benetta Dolligon,Female,50 Marcy Drive,917-983-3495
709,Babbette Veysey,Female,21808 Rowland Point,956-639-1262
710,Patrizia Marson,Female,087 Magdeline Street,944-461-9041
711,Jefferey Singh,Male,92725 Warner Trail,106-585-6367
712,Eb Darwood,Male,710 Hoard Plaza,514-394-9154
713,Angelita Gobourn,Non-binary,32559 Alpine Pass,177-449-7949
714,Cathryn Cleef,Female,95429 Artisan Drive,591-773-4873
715,Lesley Pogson,Female,5 Lake View Parkway,582-903-5178
716,Viola Cheek,Female,26 Harper Drive,839-262-2357
717,Fin Goldstone,Non-binary,61243 Cardinal Pass,951-938-2042
718,Anson Schuricke,Male,89 Havey Street,266-712-4853
719,Pattie Van Der Hoog,Male,58 Bowman Circle,190-427-9680
720,Julius Moxstead,Male,63307 Amoth Avenue,288-292-0530
721,Glynn Reboulet,Male,50 Iowa Junction,398-604-7687
722,Lurlene Garmans,Female,0804 Weeping Birch Park,415-735-4065
723,Horten Jollands,Male,6 Eliot Way,293-675-2070
724,Milissent Rodrigues,Female,10612 Anderson Avenue,125-810-2620
725,Donnie Tetlow,Female,330 Laurel Hill,533-221-8818
726,Verla Dawidsohn,Female,9 Algoma Way,624-831-6583
727,Oates Breeton,Male,17066 Briar Crest Street,556-711-0415
728,Gloriana Shipway,Female,03591 Holmberg Plaza,537-601-3237
729,Lyndsie Matherson,Non-binary,85752 Stuart Road,786-118-5170
730,Trstram Porcas,Male,25727 Twin Pines Hill,673-439-5195
731,Evelina Schrinel,Female,856 Clyde Gallagher Pass,189-298-6402
732,Wade Barthel,Male,541 Haas Lane,246-482-5794
733,Bil Schimaschke,Male,563 Lawn Drive,435-980-4127
734,Edd Greensides,Male,8 Wayridge Lane,464-870-3624
735,Rhodia Hamer,Female,5 Manley Road,743-719-7984
736,Shellysheldon Struss,Male,6029 Bluestem Parkway,910-730-0096
737,Maynord Tybalt,Bigender,18 Tomscot Street,878-132-0867
738,Berny Frensche,Male,58 Pawling Drive,786-958-1440
739,Mina Toghill,Female,306 Veith Way,832-507-9788
740,Jarid Mattisssen,Male,9 Del Sol Park,331-519-7368
741,Nobie Hearty,Male,1 Artisan Trail,742-226-2203
742,Sena Borwick,Female,5 Ohio Crossing,769-318-1363
743,Shane Mc Harg,Female,2 Artisan Trail,369-952-6091
744,Annnora Matyushenko,Female,10695 Hoepker Road,560-864-1912
745,Margalit Senechell,Female,3 Rowland Street,189-936-0619
746,Morgen Guyonneau,Male,416 Hintze Alley,583-914-2596
747,Bron Lofting,Male,0 5th Terrace,214-282-4477
748,Godfree Sacaze,Male,53 Village Green Parkway,921-215-8180
749,Andy Bahls,Male,16943 Surrey Trail,125-102-7753
750,Maridel Habbijam,Female,195 Northport Circle,497-753-3695
751,Madelaine Bartleet,Female,2 Randy Road,155-168-6380
752,Amy Schelle,Female,52131 Bayside Terrace,280-722-4149
753,Kelly Fetherston,Female,291 Golden Leaf Center,555-423-1405
754,Inessa Cardwell,Female,2 Straubel Road,859-198-3897
755,Layton Delph,Male,4 Fremont Junction,492-996-8819
756,Vally Mogridge,Female,261 Lien Hill,171-209-2265
757,Dorris Oland,Genderfluid,844 Crest Line Place,843-450-7887
758,Sly Stretton,Male,24 Gina Hill,465-746-2006
759,Rochelle Molohan,Polygender,11 Towne Junction,330-146-7535
760,Ajay Ricards,Female,4 Northland Court,157-776-6651
761,Byron Joselovitch,Male,3 Kinsman Street,633-415-2893
762,Kyle Lafont,Male,52 Mallard Plaza,980-760-5063
763,Heriberto Bayly,Male,72 Lerdahl Parkway,855-595-9717
764,Bess Halegarth,Female,0649 Carpenter Terrace,506-353-0705
765,Jeanna Andryunin,Female,28182 Superior Crossing,652-796-2219
766,Mackenzie Beckley,Male,28 North Drive,617-307-0921
767,Donetta Clipsham,Genderqueer,7767 Calypso Junction,597-704-3769
768,Cesya McElory,Female,96 Pleasure Crossing,853-941-0236
769,Dyan Stanfield,Female,06214 Scofield Crossing,141-458-2277
770,Wynn Geertz,Male,555 Corben Center,686-597-0804
771,Gamaliel Sybry,Male,96873 Crowley Point,598-353-8988
772,Oberon McLucas,Male,836 Hoffman Crossing,795-385-7098
773,Leonidas Alessandrini,Male,0 Thierer Way,384-804-4495
774,Waite Gready,Male,5 Melody Pass,512-678-1993
775,Marielle Rodders,Female,641 Miller Place,103-371-9355
776,West Cosbey,Male,2 Troy Lane,378-919-6371
777,Alleyn de Nore,Male,637 Nevada Circle,297-147-2407
778,Cristal Celler,Female,0674 Mendota Street,718-241-9906
779,Odille Cremins,Female,06133 Lerdahl Terrace,675-842-7685
780,Ginger Cribbin,Female,64825 Westridge Road,926-888-7242
781,Curtis McCosh,Male,7 Eagle Crest Way,734-175-0720
782,Bent Clynmans,Male,3 Crescent Oaks Alley,655-964-1799
783,Creighton Tippetts,Male,268 Maryland Plaza,168-787-0495
784,Ruben Jeanon,Male,09 Eagle Crest Trail,710-446-0083
785,Nikkie Aprahamian,Female,77894 4th Circle,261-251-5459
786,Cristobal Cosgrave,Male,93 Golf Place,337-819-1522
787,Leonelle Stillmann,Bigender,589 Trailsway Center,926-238-0942
788,Eleanora Rhys,Female,0911 Warbler Alley,390-628-7580
789,Wenona Casbon,Female,6025 New Castle Park,175-782-5807
790,Anstice Quickfall,Female,08413 Kings Way,950-448-9583
791,Fayette Ximenez,Female,2971 Marcy Place,753-820-1958
792,Korney Parsons,Female,6869 Oak Park,576-937-5353
793,Karoline Littlejohn,Female,12 Chive Alley,803-348-8027
794,Sissy Allon,Female,0122 Hagan Crossing,282-878-4252
795,Vinnie Chevins,Male,476 Pond Avenue,740-192-5848
796,Gerick O' Sullivan,Bigender,1 Harper Crossing,631-873-7295
797,Andras Yakov,Genderqueer,639 Colorado Pass,143-646-1964
798,Lenore Whitaker,Female,4760 Sheridan Crossing,210-232-5397
799,Franciska Battin,Female,340 Dwight Parkway,232-496-8851
800,Jared Pringell,Male,1085 Cody Hill,660-170-9986
801,Nicolais Schuchmacher,Male,1855 Hanson Alley,324-677-2781
802,Modestine Dolley,Female,70 Lake View Terrace,895-765-2361
803,Melany Lyttle,Female,946 Thompson Pass,932-117-8592
804,Aurthur Labram,Male,0900 Mesta Point,922-206-8432
805,Hermie Clowney,Male,9729 Springs Avenue,276-384-0851
806,Frannie Welldrake,Genderqueer,8041 8th Avenue,714-558-4556
807,Remy Grigori,Female,9 Northview Pass,169-846-5485
808,Agnella Southerton,Female,9286 Bartillon Park,653-507-1586
809,Justina Gunda,Female,78244 Annamark Street,170-349-0040
810,Tootsie Griggs,Female,62 Anderson Crossing,865-830-3560
811,Lyon Tredget,Male,56 Butternut Road,953-866-1394
812,Goldi Waterland,Female,1 Norway Maple Court,135-418-8821
813,Pavlov Pyrah,Male,53996 Blackbird Street,986-584-7329
814,Velma Ligoe,Female,02528 Dawn Street,107-517-2793
815,Yancey Kimberly,Male,941 Gateway Court,166-416-1517
816,Andy Birkmyr,Male,7467 Waubesa Place,111-713-6166
817,Lawry Leafe,Agender,1900 Hagan Way,867-201-8882
818,Johann Billyard,Male,93802 Burrows Circle,960-707-9389
819,Merrick Baudacci,Male,68436 Dovetail Pass,500-245-0812
820,Vasily Sherebrooke,Male,929 Debra Crossing,486-313-6128
821,Elvera Duckerin,Female,075 Morningstar Street,170-180-2153
822,Gus Hoggan,Female,0 Hayes Center,564-153-3357
823,Tades Hanmer,Male,0 Packers Hill,392-604-1415
824,Doreen Croyden,Female,4716 Manitowish Junction,401-852-3600
825,Lu Kingsley,Female,089 Lakeland Park,622-690-3535
826,Persis Falla,Female,74 Scoville Circle,381-316-8795
827,Lonnie Laste,Female,4 International Hill,644-472-6362
828,Nolana Heijnen,Female,0 Prairie Rose Terrace,514-446-2633
829,Claudine Rubens,Polygender,9 Elka Plaza,619-638-9524
830,Lilly Snaddon,Female,8251 Dapin Avenue,765-635-7921
831,Damiano Cornes,Male,8124 Forest Dale Pass,273-509-6875
832,Cathee Petche,Female,854 Annamark Plaza,460-723-6879
833,Adda Janeczek,Female,607 Huxley Drive,979-484-0976
834,Connie Shoubridge,Male,0536 Independence Hill,762-862-7385
835,Lewie Eivers,Non-binary,6 North Lane,401-354-0003
836,Averil Roote,Female,73694 Beilfuss Road,924-663-1870
837,Mikkel Twopenny,Male,7 Lighthouse Bay Terrace,731-864-8134
838,Blane Picker,Male,68928 Steensland Street,864-207-2924
839,Marleen Saurat,Female,497 Oneill Road,208-672-8340
840,Reagen Kedslie,Male,82 Florence Place,281-546-2945
841,Leticia Draycott,Female,7 Browning Junction,591-432-6073
842,Paddy Tremayle,Male,155 Loomis Park,883-415-7264
843,Jere Giametti,Male,3 Butterfield Place,633-275-4659
844,Valentine Adolfson,Male,243 Hansons Junction,289-683-7903
845,Goober Mishaw,Male,37104 Marcy Court,667-175-9597
846,Leila Skiggs,Female,5376 Laurel Alley,829-863-8867
847,Adrianna Antonikov,Female,730 Toban Pass,157-765-0990
848,Melisandra Stead,Female,391 Sage Circle,535-997-9802
849,Hansiain Renney,Male,265 Monument Hill,237-221-3857
850,Bonnie Sacker,Female,4 Arizona Parkway,406-845-3195
851,Earle Western,Male,692 Moland Center,627-341-0932
852,Gabriela Camillo,Female,9 Bunker Hill Alley,374-706-2975
853,Ximenes Le land,Male,7593 Emmet Center,969-530-1079
854,Kathi Gravells,Female,55830 Quincy Circle,656-480-9573
855,Bettye Cheetam,Female,2 Nevada Junction,490-753-5786
856,Poul Limbrick,Male,9231 Melrose Circle,988-646-8687
857,Daffie McGebenay,Polygender,455 Hazelcrest Plaza,319-297-2295
858,Florry Antrag,Female,6372 Mitchell Street,266-820-2527
859,Keelby Eastbury,Male,9980 Emmet Point,841-414-8316
860,Halette Hadcock,Female,14 Tennyson Drive,110-846-2836
861,Alfy Lugsdin,Male,4069 Elmside Crossing,545-934-2898
862,Timothy Lathom,Male,21274 Utah Plaza,908-460-2332
863,Garrick Cracker,Male,42 Jay Point,433-650-4983
864,Bernita Bartoli,Female,534 Dunning Way,223-245-2389
865,Christoper Bowen,Male,8 Spaight Drive,482-715-2754
866,Debra Beaby,Female,475 Porter Place,978-372-3122
867,Elisha Jaeggi,Female,14 Mifflin Drive,231-456-7656
868,Petra Belf,Female,59967 Ridgeview Pass,679-776-0199
869,Ignatius Dofty,Male,1 Summit Street,388-223-4798
870,Tore Siaskowski,Male,69936 Morrow Park,661-499-4797
871,Aksel Manvelle,Male,74 Mesta Park,747-533-7492
872,Madalyn Leeburn,Female,5 Moulton Circle,886-602-8155
873,Rollo Gascoigne,Male,026 Comanche Drive,917-829-9406
874,Heddi Prosh,Female,150 Elka Court,553-704-6689
875,Thomas Stracey,Male,4 Spohn Circle,294-548-1923
876,Evelyn Sidlow,Genderqueer,28 Vahlen Avenue,723-438-6096
877,Jeremiah Hugland,Male,64186 Express Center,540-902-1774
878,Boycie Vankeev,Male,12849 Eagan Lane,781-286-6095
879,Sonnie Davidovits,Male,3681 Kipling Street,804-333-2932
880,Billie Lerhinan,Female,416 Dexter Avenue,918-904-8127
881,Lavina Duffyn,Female,49637 Pine View Center,324-820-5723
882,Owen Leijs,Male,8473 Northport Street,955-852-4056
883,Gussy Mattingly,Agender,29359 Raven Park,713-281-9239
884,Gallagher Andras,Male,83231 Westend Lane,873-919-9092
885,Hayden McAuliffe,Genderqueer,8495 Coleman Circle,156-875-4077
886,Berne Tower,Male,8439 Tennyson Hill,302-161-7366
887,Christophorus Leeming,Male,77714 Northridge Drive,488-430-5920
888,Daffie Fouracre,Female,34222 Stephen Pass,781-419-6583
889,Sargent Fishburn,Agender,21482 Glendale Place,461-743-6352
890,Stillman Forty,Male,8 La Follette Court,327-164-1468
891,Alessandro Tackley,Male,3613 Washington Parkway,107-454-6720
892,Mar Delaney,Male,5 Katie Parkway,267-630-2850
893,Aldous Tinline,Male,52 Spohn Alley,311-922-9331
894,Garnet Lloyds,Female,83 Loeprich Terrace,767-196-6008
895,Wanda Di Baudi,Female,1710 Sunnyside Circle,383-196-7410
896,Julieta Wadlow,Female,80651 Algoma Drive,765-291-1049
897,Deedee Giggs,Non-binary,32528 Sherman Place,660-360-1145
898,Kory Penritt,Male,263 Mendota Parkway,723-173-3056
899,Jed Crean,Genderfluid,01187 Tennyson Pass,650-693-3032
900,Rustie Soughton,Agender,02 Lien Point,468-875-9536
901,Stefan Cains,Male,65635 Stang Alley,787-392-6292
902,Zenia Enga,Genderfluid,2 Dorton Court,880-150-0375
903,Izzy Volette,Male,10 Rowland Junction,799-149-6970
904,Franchot Prinnett,Male,38773 Clove Parkway,633-963-6430
905,Howey Pirson,Male,5263 Kedzie Street,693-313-0852
906,Abbye Mainson,Female,3358 Utah Circle,687-867-4620
907,Geoff Catlin,Male,327 Quincy Center,869-812-7641
908,Jermaine Ackers,Female,5730 Ruskin Terrace,956-941-4879
909,Alain Tye,Male,3 Morning Place,349-624-7944
910,Zechariah Lethbrig,Male,177 Crescent Oaks Alley,871-363-5963
911,Adara Mate,Female,86 Cody Drive,525-661-8290
912,Gregory Cawthorne,Male,8 Shelley Pass,545-875-8472
913,Chrisse Delany,Male,5294 Texas Center,978-363-5775
914,Vidovic Aistrop,Male,9 South Lane,214-326-1603
915,Cherlyn Rubinivitz,Genderfluid,64633 Bowman Terrace,140-860-2009
916,Rinaldo Zanassi,Male,73 Chive Circle,562-793-8936
917,Ashton Edmund,Male,2690 Buell Parkway,982-426-8672
918,Brynn Albutt,Female,3 Scoville Circle,955-628-7028
919,Gannon Gounod,Male,1320 Graceland Pass,203-977-3624
920,Noreen Denne,Female,65 Jenifer Lane,880-375-8507
921,Selena Pund,Non-binary,66 Granby Crossing,224-320-5294
922,Ware Inchcomb,Male,29 Homewood Lane,348-143-3559
923,Leroy Openshaw,Male,308 Dixon Crossing,565-476-1177
924,Lemmie Gully,Male,43 Fisk Plaza,914-617-5884
925,Jewell Milverton,Female,7688 Oak Junction,183-148-6380
926,Burnard Wileman,Male,738 Fuller Street,267-543-9747
927,Calida Colum,Genderqueer,592 Rigney Street,419-566-2137
928,Ingrim Ganiclef,Male,6836 Mayer Parkway,762-906-1368
929,Lynne Farguhar,Female,0096 Granby Point,628-928-3102
930,Roxana Giannini,Bigender,971 Kennedy Lane,468-621-1481
931,Godiva Sandwick,Female,637 Mendota Lane,525-209-4725
932,Sauncho Lerven,Male,5 Blue Bill Park Street,512-163-5485
933,Walton Riatt,Male,65 Schmedeman Avenue,247-413-4769
934,Sabrina Hankin,Female,65263 Riverside Alley,255-561-0031
935,Currey Pymer,Male,508 Lien Pass,943-125-7016
936,Nelle Whistan,Female,0911 Ridge Oak Circle,588-908-0946
937,Rodolfo Divine,Male,22537 Northport Parkway,470-493-2635
938,Henrie Bangham,Female,2 Russell Street,484-550-3354
939,Jolynn Ceillier,Female,1 Bayside Circle,747-806-9557
940,Chickie Guilford,Male,627 Buell Point,179-656-0618
941,Nikolos Tanzer,Male,65777 Barnett Drive,871-946-7242
942,Ives Isenor,Male,475 Nancy Crossing,571-726-8964
943,Emily Thomas,Female,62 Rieder Point,947-235-4140
944,Nick O'Hoolahan,Genderqueer,2 Redwing Lane,469-654-4054
945,Janeen Slaney,Female,50092 Stang Way,136-856-0446
946,Falkner Amyes,Male,0 8th Crossing,429-791-5229
947,Gerda Cowan,Female,29 Grim Junction,812-992-1467
948,Armstrong Blackbourn,Male,4368 Schurz Parkway,694-182-6605
949,Carmita Andreasen,Female,5726 Shopko Parkway,143-318-5042
950,Ab Janku,Male,895 Parkside Terrace,749-769-0207
951,Tamas Jankiewicz,Male,46 Maywood Center,839-241-0471
952,Wainwright Ewens,Male,8219 Scofield Pass,667-312-2027
953,Lucila Bodicum,Female,49877 Erie Avenue,425-503-8402
954,Larina Piegrome,Female,2179 Montana Place,838-598-5899
955,Garry Laurant,Male,91748 Norway Maple Alley,854-489-4977
956,Engelbert Sollis,Non-binary,8424 Dorton Lane,206-901-1360
957,Katuscha Georgeot,Female,39 Packers Avenue,720-664-0507
958,Loree Burchall,Female,7 Logan Road,310-681-2124
959,Whitney Lasty,Genderqueer,454 Marquette Court,314-912-8557
960,Melinda Isakovic,Female,78 Dovetail Avenue,324-354-9767
961,Missy Blamphin,Female,82 Pond Center,993-297-3256
962,Brandice Whittenbury,Female,3 Farmco Court,342-405-9018
963,Kirk Chasle,Male,8 Merry Avenue,319-998-1731
964,Giana Chapellow,Female,271 Fieldstone Parkway,707-309-8372
965,Lana Butchard,Female,1152 Lakewood Gardens Terrace,459-711-9756
966,Onida Hardson,Female,116 Rigney Avenue,961-682-2775
967,Tome Peever,Male,98950 Amoth Circle,438-799-3084
968,Theressa Tofful,Female,1535 Reinke Junction,617-832-1941
969,Verge MacKniely,Male,6 Hintze Court,984-353-6752
970,Mohandas Waeland,Male,7 Loomis Junction,264-818-2770
971,Drusie Cellone,Genderfluid,83481 Cody Circle,460-984-2957
972,Cassi Overlow,Female,11 Bunker Hill Plaza,702-542-1585
973,Ulrikaumeko Pattemore,Female,80 North Hill,559-490-8070
974,Natalina Francescoccio,Non-binary,732 Bay Place,696-476-9417
975,Irving Lusted,Male,5185 Talisman Circle,369-474-3722
976,Aime Abden,Female,8 Valley Edge Terrace,508-211-6908
977,Oralie Olrenshaw,Female,49 Jenna Parkway,557-667-7377
978,Antoine Serotsky,Agender,701 Raven Alley,781-177-2116
979,Lyndel Titterrell,Female,76 Mcbride Street,540-216-7286
980,Tim Malim,Male,8 Crest Line Pass,692-298-8384
981,Allys Dimitriev,Female,19456 Waywood Crossing,908-918-9938
982,Chrystel Hemphall,Female,870 Kensington Plaza,443-576-8602
983,Cathryn Aykroyd,Agender,2 Hoffman Parkway,924-719-1119
984,Kali Murray,Female,34564 Trailsway Park,861-459-2350
985,Phyllys Blowfield,Female,717 Dapin Park,841-962-8218
986,Teddie Banasiak,Male,33129 Oneill Circle,601-502-0146
987,Lucais Perelli,Male,4964 Buell Hill,700-317-2090
988,Harlan Faulder,Male,5 Vera Park,185-777-5941
989,Byrle Andreucci,Male,7 Jenna Terrace,517-672-3321
990,Pat Baud,Male,09 Truax Way,117-588-2435
991,Timofei Fraczek,Male,378 Marquette Drive,217-561-5789
992,Sutherland Liven,Male,737 Menomonie Hill,200-581-5230
993,Herby Colaco,Male,2332 Washington Crossing,434-307-1419
994,Karmen M'Quharg,Female,75092 Michigan Crossing,842-535-0625
995,Zorana Houdhury,Bigender,7 Dayton Crossing,129-136-8663
996,Gracia Bowcock,Female,7042 Hallows Center,758-256-0103
997,Allen Roddick,Male,47091 Burning Wood Court,668-369-8269
998,Alanah Lailey,Female,57372 Melody Street,434-983-6793
999,Kerr Bastin,Male,6 Sloan Road,600-728-1268
1000,Beau Fogarty,Male,4 Loeprich Crossing,646-245-9204
